Alias,Name,UPN
carsonklein,carsonklein,carsonklein@indiggomail.com
calebedwards,calebedwards,calebedwards@indiggomail.com
jasperhuff,jasperhuff,jasperhuff@indiggomail.com
emerymclean,emerymclean,emerymclean@indiggomail.com
dalehaney,dalehaney,dalehaney@indiggomail.com
nigelnorton,nigelnorton,nigelnorton@indiggomail.com
lewisbaxter,lewisbaxter,lewisbaxter@indiggomail.com
armandofleming,armandofleming,armandofleming@indiggomail.com
garthmorgan,garthmorgan,garthmorgan@indiggomail.com
knoxholmes,knoxholmes,knoxholmes@indiggomail.com
thomasparrish,thomasparrish,thomasparrish@indiggomail.com
jeremycash,jeremycash,jeremycash@indiggomail.com
lyleguthrie,lyleguthrie,lyleguthrie@indiggomail.com
fultontownsend,fultontownsend,fultontownsend@indiggomail.com
arthurlester,arthurlester,arthurlester@indiggomail.com
kennanbarker,kennanbarker,kennanbarker@indiggomail.com
kylebryant,kylebryant,kylebryant@indiggomail.com
palmernunez,palmernunez,palmernunez@indiggomail.com
basilevans,basilevans,basilevans@indiggomail.com
robertholmes,robertholmes,robertholmes@indiggomail.com
rothewing,rothewing,rothewing@indiggomail.com
marvinmcfarland,marvinmcfarland,marvinmcfarland@indiggomail.com
hiramhayden,hiramhayden,hiramhayden@indiggomail.com
byronpennington,byronpennington,byronpennington@indiggomail.com
ralphrichardson,ralphrichardson,ralphrichardson@indiggomail.com
gannonblackburn,gannonblackburn,gannonblackburn@indiggomail.com
herrodglover,herrodglover,herrodglover@indiggomail.com
scottshort,scottshort,scottshort@indiggomail.com
ianrodriguez,ianrodriguez,ianrodriguez@indiggomail.com
burkeellison,burkeellison,burkeellison@indiggomail.com
herrodcooley,herrodcooley,herrodcooley@indiggomail.com
chandlerbeck,chandlerbeck,chandlerbeck@indiggomail.com
charleshurley,charleshurley,charleshurley@indiggomail.com
linussanders,linussanders,linussanders@indiggomail.com
dieterfitzpatrick,dieterfitzpatrick,dieterfitzpatrick@indiggomail.com
borispuckett,borispuckett,borispuckett@indiggomail.com
grahamwooten,grahamwooten,grahamwooten@indiggomail.com
bernardrivers,bernardrivers,bernardrivers@indiggomail.com
masonkline,masonkline,masonkline@indiggomail.com
charlesmathis,charlesmathis,charlesmathis@indiggomail.com
josiahgallegos,josiahgallegos,josiahgallegos@indiggomail.com
merritthill,merritthill,merritthill@indiggomail.com
gannonguzman,gannonguzman,gannonguzman@indiggomail.com
nashwynn,nashwynn,nashwynn@indiggomail.com
samsonmueller,samsonmueller,samsonmueller@indiggomail.com
hayesdillon,hayesdillon,hayesdillon@indiggomail.com
chandleratkins,chandleratkins,chandleratkins@indiggomail.com
jaredvincent,jaredvincent,jaredvincent@indiggomail.com
zeusguthrie,zeusguthrie,zeusguthrie@indiggomail.com
declanhorne,declanhorne,declanhorne@indiggomail.com
kenyonwolf,kenyonwolf,kenyonwolf@indiggomail.com
reecethomas,reecethomas,reecethomas@indiggomail.com
samsonbell,samsonbell,samsonbell@indiggomail.com
valentinecarson,valentinecarson,valentinecarson@indiggomail.com
nigelgolden,nigelgolden,nigelgolden@indiggomail.com
melvinleblanc,melvinleblanc,melvinleblanc@indiggomail.com
haydenmelendez,haydenmelendez,haydenmelendez@indiggomail.com
gradyharrell,gradyharrell,gradyharrell@indiggomail.com
nathanmarks,nathanmarks,nathanmarks@indiggomail.com
gilbranch,gilbranch,gilbranch@indiggomail.com
edwardmunoz,edwardmunoz,edwardmunoz@indiggomail.com
octaviusstephenson,octaviusstephenson,octaviusstephenson@indiggomail.com
clarkesexton,clarkesexton,clarkesexton@indiggomail.com
marsdencontreras,marsdencontreras,marsdencontreras@indiggomail.com
erasmusross,erasmusross,erasmusross@indiggomail.com
erasmuscleveland,erasmuscleveland,erasmuscleveland@indiggomail.com
rothlarson,rothlarson,rothlarson@indiggomail.com
quentinpacheco,quentinpacheco,quentinpacheco@indiggomail.com
griffinbrowning,griffinbrowning,griffinbrowning@indiggomail.com
sebastiantodd,sebastiantodd,sebastiantodd@indiggomail.com
carsonnorman,carsonnorman,carsonnorman@indiggomail.com
jelaniavery,jelaniavery,jelaniavery@indiggomail.com
allentorres,allentorres,allentorres@indiggomail.com
lukesellers,lukesellers,lukesellers@indiggomail.com
maxwellwilcox,maxwellwilcox,maxwellwilcox@indiggomail.com
damonrichardson,damonrichardson,damonrichardson@indiggomail.com
tobiascarey,tobiascarey,tobiascarey@indiggomail.com
wyattortega,wyattortega,wyattortega@indiggomail.com
brucecabrera,brucecabrera,brucecabrera@indiggomail.com
keaneblackwell,keaneblackwell,keaneblackwell@indiggomail.com
howardguerrero,howardguerrero,howardguerrero@indiggomail.com
lukesheppard,lukesheppard,lukesheppard@indiggomail.com
kevinchambers,kevinchambers,kevinchambers@indiggomail.com
orsonsexton,orsonsexton,orsonsexton@indiggomail.com
henrymorales,henrymorales,henrymorales@indiggomail.com
deacongentry,deacongentry,deacongentry@indiggomail.com
gagemays,gagemays,gagemays@indiggomail.com
fultonhamilton,fultonhamilton,fultonhamilton@indiggomail.com
wingjames,wingjames,wingjames@indiggomail.com
patrickwalters,patrickwalters,patrickwalters@indiggomail.com
wyattboyd,wyattboyd,wyattboyd@indiggomail.com
simonmiddleton,simonmiddleton,simonmiddleton@indiggomail.com
maconlarson,maconlarson,maconlarson@indiggomail.com
jeromeshaffer,jeromeshaffer,jeromeshaffer@indiggomail.com
drakewiggins,drakewiggins,drakewiggins@indiggomail.com
nathanclemons,nathanclemons,nathanclemons@indiggomail.com
dillonhaney,dillonhaney,dillonhaney@indiggomail.com
dustinjohns,dustinjohns,dustinjohns@indiggomail.com
jarrodchaney,jarrodchaney,jarrodchaney@indiggomail.com
tylerpowell,tylerpowell,tylerpowell@indiggomail.com
judahpennington,judahpennington,judahpennington@indiggomail.com
thaneklein,thaneklein,thaneklein@indiggomail.com
keanerich,keanerich,keanerich@indiggomail.com
gabrielorr,gabrielorr,gabrielorr@indiggomail.com
kieranhansen,kieranhansen,kieranhansen@indiggomail.com
thorfarmer,thorfarmer,thorfarmer@indiggomail.com
porterdyer,porterdyer,porterdyer@indiggomail.com
olegmiddleton,olegmiddleton,olegmiddleton@indiggomail.com
neilpollard,neilpollard,neilpollard@indiggomail.com
beckkoch,beckkoch,beckkoch@indiggomail.com
martincash,martincash,martincash@indiggomail.com
timonwhitney,timonwhitney,timonwhitney@indiggomail.com
russellknowles,russellknowles,russellknowles@indiggomail.com
kenyoncantrell,kenyoncantrell,kenyoncantrell@indiggomail.com
waynecraft,waynecraft,waynecraft@indiggomail.com
tuckerellison,tuckerellison,tuckerellison@indiggomail.com
buckminstertaylor,buckminstertaylor,buckminstertaylor@indiggomail.com
tigerwaller,tigerwaller,tigerwaller@indiggomail.com
rooneyroman,rooneyroman,rooneyroman@indiggomail.com
fullernewton,fullernewton,fullernewton@indiggomail.com
edanbenton,edanbenton,edanbenton@indiggomail.com
henryalvarez,henryalvarez,henryalvarez@indiggomail.com
cainmcleod,cainmcleod,cainmcleod@indiggomail.com
brendandennis,brendandennis,brendandennis@indiggomail.com
erichrosa,erichrosa,erichrosa@indiggomail.com
simonstuart,simonstuart,simonstuart@indiggomail.com
kamalreese,kamalreese,kamalreese@indiggomail.com
elmoreeves,elmoreeves,elmoreeves@indiggomail.com
zahirbarrett,zahirbarrett,zahirbarrett@indiggomail.com
huntermclean,huntermclean,huntermclean@indiggomail.com
victorstephenson,victorstephenson,victorstephenson@indiggomail.com
sawyermontoya,sawyermontoya,sawyermontoya@indiggomail.com
normanbeach,normanbeach,normanbeach@indiggomail.com
aristotleholder,aristotleholder,aristotleholder@indiggomail.com
hayesmassey,hayesmassey,hayesmassey@indiggomail.com
edwardstephenson,edwardstephenson,edwardstephenson@indiggomail.com
codypowers,codypowers,codypowers@indiggomail.com
haydenlloyd,haydenlloyd,haydenlloyd@indiggomail.com
basilmckinney,basilmckinney,basilmckinney@indiggomail.com
camdencameron,camdencameron,camdencameron@indiggomail.com
vladimirmarquez,vladimirmarquez,vladimirmarquez@indiggomail.com
griffinleonard,griffinleonard,griffinleonard@indiggomail.com
markwest,markwest,markwest@indiggomail.com
marvinmeyer,marvinmeyer,marvinmeyer@indiggomail.com
garrettadams,garrettadams,garrettadams@indiggomail.com
yuliwise,yuliwise,yuliwise@indiggomail.com
claytoncollier,claytoncollier,claytoncollier@indiggomail.com
daltonhoover,daltonhoover,daltonhoover@indiggomail.com
eatonpowers,eatonpowers,eatonpowers@indiggomail.com
kirkbenjamin,kirkbenjamin,kirkbenjamin@indiggomail.com
hamiltongibbs,hamiltongibbs,hamiltongibbs@indiggomail.com
armandsnow,armandsnow,armandsnow@indiggomail.com
katocarroll,katocarroll,katocarroll@indiggomail.com
cainpage,cainpage,cainpage@indiggomail.com
waynecastillo,waynecastillo,waynecastillo@indiggomail.com
xanthusbrady,xanthusbrady,xanthusbrady@indiggomail.com
caesartorres,caesartorres,caesartorres@indiggomail.com
xanderboyer,xanderboyer,xanderboyer@indiggomail.com
clintonobrien,clintonobrien,clintonobrien@indiggomail.com
conankim,conankim,conankim@indiggomail.com
urielbyrd,urielbyrd,urielbyrd@indiggomail.com
coloradonewman,coloradonewman,coloradonewman@indiggomail.com
philliprowe,philliprowe,philliprowe@indiggomail.com
donovansargent,donovansargent,donovansargent@indiggomail.com
abelparsons,abelparsons,abelparsons@indiggomail.com
nashzimmerman,nashzimmerman,nashzimmerman@indiggomail.com
camerondickson,camerondickson,camerondickson@indiggomail.com
anthonybright,anthonybright,anthonybright@indiggomail.com
guyhopkins,guyhopkins,guyhopkins@indiggomail.com
zanemorse,zanemorse,zanemorse@indiggomail.com
kirkmann,kirkmann,kirkmann@indiggomail.com
finngould,finngould,finngould@indiggomail.com
chaimlawson,chaimlawson,chaimlawson@indiggomail.com
hoytchambers,hoytchambers,hoytchambers@indiggomail.com
orlandoguzman,orlandoguzman,orlandoguzman@indiggomail.com
ezraschneider,ezraschneider,ezraschneider@indiggomail.com
adamriggs,adamriggs,adamriggs@indiggomail.com
hunterpuckett,hunterpuckett,hunterpuckett@indiggomail.com
louiscarlson,louiscarlson,louiscarlson@indiggomail.com
ianavila,ianavila,ianavila@indiggomail.com
dalejoseph,dalejoseph,dalejoseph@indiggomail.com
alischmidt,alischmidt,alischmidt@indiggomail.com
emersonblackwell,emersonblackwell,emersonblackwell@indiggomail.com
brucehinton,brucehinton,brucehinton@indiggomail.com
katoalbert,katoalbert,katoalbert@indiggomail.com
danehead,danehead,danehead@indiggomail.com
stephenmaldonado,stephenmaldonado,stephenmaldonado@indiggomail.com
amalrivera,amalrivera,amalrivera@indiggomail.com
steelfigueroa,steelfigueroa,steelfigueroa@indiggomail.com
demetriusrandolph,demetriusrandolph,demetriusrandolph@indiggomail.com
nashaustin,nashaustin,nashaustin@indiggomail.com
garrettraymond,garrettraymond,garrettraymond@indiggomail.com
olivergolden,olivergolden,olivergolden@indiggomail.com
aladdinking,aladdinking,aladdinking@indiggomail.com
damianrutledge,damianrutledge,damianrutledge@indiggomail.com
alvingeorge,alvingeorge,alvingeorge@indiggomail.com
zephaniakelley,zephaniakelley,zephaniakelley@indiggomail.com
hopconway,hopconway,hopconway@indiggomail.com
fullerdecker,fullerdecker,fullerdecker@indiggomail.com
francisbest,francisbest,francisbest@indiggomail.com
isaiahknapp,isaiahknapp,isaiahknapp@indiggomail.com
drewfreeman,drewfreeman,drewfreeman@indiggomail.com
aladdinvalencia,aladdinvalencia,aladdinvalencia@indiggomail.com
talonatkinson,talonatkinson,talonatkinson@indiggomail.com
olegprice,olegprice,olegprice@indiggomail.com
cadeowen,cadeowen,cadeowen@indiggomail.com
evannielsen,evannielsen,evannielsen@indiggomail.com
chestermendez,chestermendez,chestermendez@indiggomail.com
richardhammond,richardhammond,richardhammond@indiggomail.com
hoytriggs,hoytriggs,hoytriggs@indiggomail.com
amirmatthews,amirmatthews,amirmatthews@indiggomail.com
kamalnixon,kamalnixon,kamalnixon@indiggomail.com
rahimdavidson,rahimdavidson,rahimdavidson@indiggomail.com
laithwilliams,laithwilliams,laithwilliams@indiggomail.com
xanthusanderson,xanthusanderson,xanthusanderson@indiggomail.com
steelfrank,steelfrank,steelfrank@indiggomail.com
rigelthornton,rigelthornton,rigelthornton@indiggomail.com
garydonaldson,garydonaldson,garydonaldson@indiggomail.com
nathanielgilmore,nathanielgilmore,nathanielgilmore@indiggomail.com
nerograham,nerograham,nerograham@indiggomail.com
adrianratliff,adrianratliff,adrianratliff@indiggomail.com
nolanle,nolanle,nolanle@indiggomail.com
mageebyrd,mageebyrd,mageebyrd@indiggomail.com
jesserowland,jesserowland,jesserowland@indiggomail.com
lucianvalencia,lucianvalencia,lucianvalencia@indiggomail.com
kaspervalenzuela,kaspervalenzuela,kaspervalenzuela@indiggomail.com
adrianshaw,adrianshaw,adrianshaw@indiggomail.com
leestrong,leestrong,leestrong@indiggomail.com
malcolmdeleon,malcolmdeleon,malcolmdeleon@indiggomail.com
wadebuckley,wadebuckley,wadebuckley@indiggomail.com
leelevine,leelevine,leelevine@indiggomail.com
walterlambert,walterlambert,walterlambert@indiggomail.com
jermainemcdonald,jermainemcdonald,jermainemcdonald@indiggomail.com
ulricrocha,ulricrocha,ulricrocha@indiggomail.com
hallrojas,hallrojas,hallrojas@indiggomail.com
oscarmcfadden,oscarmcfadden,oscarmcfadden@indiggomail.com
augustrusso,augustrusso,augustrusso@indiggomail.com
aidanmccall,aidanmccall,aidanmccall@indiggomail.com
zacherywarner,zacherywarner,zacherywarner@indiggomail.com
aaronmaynard,aaronmaynard,aaronmaynard@indiggomail.com
hectorcherry,hectorcherry,hectorcherry@indiggomail.com
geoffreyleblanc,geoffreyleblanc,geoffreyleblanc@indiggomail.com
ishmaelstevenson,ishmaelstevenson,ishmaelstevenson@indiggomail.com
cadmanvalencia,cadmanvalencia,cadmanvalencia@indiggomail.com
ferdinandhorn,ferdinandhorn,ferdinandhorn@indiggomail.com
damonmaynard,damonmaynard,damonmaynard@indiggomail.com
hilellittle,hilellittle,hilellittle@indiggomail.com
blazebishop,blazebishop,blazebishop@indiggomail.com
burkegarcia,burkegarcia,burkegarcia@indiggomail.com
duncanhopkins,duncanhopkins,duncanhopkins@indiggomail.com
kevinrusso,kevinrusso,kevinrusso@indiggomail.com
grantrussell,grantrussell,grantrussell@indiggomail.com
melvinmorrison,melvinmorrison,melvinmorrison@indiggomail.com
tyronegibbs,tyronegibbs,tyronegibbs@indiggomail.com
malcolmbond,malcolmbond,malcolmbond@indiggomail.com
basilhorton,basilhorton,basilhorton@indiggomail.com
deandelacruz,deandelacruz,deandelacruz@indiggomail.com
elvisrollins,elvisrollins,elvisrollins@indiggomail.com
marsdenreid,marsdenreid,marsdenreid@indiggomail.com
louisduke,louisduke,louisduke@indiggomail.com
eatoncarroll,eatoncarroll,eatoncarroll@indiggomail.com
vincentcobb,vincentcobb,vincentcobb@indiggomail.com
graidentravis,graidentravis,graidentravis@indiggomail.com
addisonbryan,addisonbryan,addisonbryan@indiggomail.com
claytonbrown,claytonbrown,claytonbrown@indiggomail.com
tanekwelch,tanekwelch,tanekwelch@indiggomail.com
kamalchapman,kamalchapman,kamalchapman@indiggomail.com
platosummers,platosummers,platosummers@indiggomail.com
macaulayhorton,macaulayhorton,macaulayhorton@indiggomail.com
palmerhester,palmerhester,palmerhester@indiggomail.com
steelsears,steelsears,steelsears@indiggomail.com
ezekielfaulkner,ezekielfaulkner,ezekielfaulkner@indiggomail.com
ameryriddle,ameryriddle,ameryriddle@indiggomail.com
keithguzman,keithguzman,keithguzman@indiggomail.com
grahammoran,grahammoran,grahammoran@indiggomail.com
burtongray,burtongray,burtongray@indiggomail.com
ezekielfaulkner,ezekielfaulkner,ezekielfaulkner@indiggomail.com
wyattmadden,wyattmadden,wyattmadden@indiggomail.com
coltboyer,coltboyer,coltboyer@indiggomail.com
armandopark,armandopark,armandopark@indiggomail.com
noblerollins,noblerollins,noblerollins@indiggomail.com
philiplangley,philiplangley,philiplangley@indiggomail.com
keefenorris,keefenorris,keefenorris@indiggomail.com
philliphernandez,philliphernandez,philliphernandez@indiggomail.com
hasadcarrillo,hasadcarrillo,hasadcarrillo@indiggomail.com
dylanherman,dylanherman,dylanherman@indiggomail.com
joshuafisher,joshuafisher,joshuafisher@indiggomail.com
katotillman,katotillman,katotillman@indiggomail.com
brodydouglas,brodydouglas,brodydouglas@indiggomail.com
craigtaylor,craigtaylor,craigtaylor@indiggomail.com
jeremykidd,jeremykidd,jeremykidd@indiggomail.com
joshuarichmond,joshuarichmond,joshuarichmond@indiggomail.com
troyromero,troyromero,troyromero@indiggomail.com
joshuacameron,joshuacameron,joshuacameron@indiggomail.com
zephpratt,zephpratt,zephpratt@indiggomail.com
alimaddox,alimaddox,alimaddox@indiggomail.com
marsdenshannon,marsdenshannon,marsdenshannon@indiggomail.com
hashimriley,hashimriley,hashimriley@indiggomail.com
danechase,danechase,danechase@indiggomail.com
tariklawrence,tariklawrence,tariklawrence@indiggomail.com
jonasmorales,jonasmorales,jonasmorales@indiggomail.com
daltonbarrett,daltonbarrett,daltonbarrett@indiggomail.com
kenyonmcmahon,kenyonmcmahon,kenyonmcmahon@indiggomail.com
kennethgreene,kennethgreene,kennethgreene@indiggomail.com
deaconwilson,deaconwilson,deaconwilson@indiggomail.com
doriansharp,doriansharp,doriansharp@indiggomail.com
ottofarrell,ottofarrell,ottofarrell@indiggomail.com
eltonsimon,eltonsimon,eltonsimon@indiggomail.com
alechobbs,alechobbs,alechobbs@indiggomail.com
victoralexander,victoralexander,victoralexander@indiggomail.com
bertcoffey,bertcoffey,bertcoffey@indiggomail.com
demetriusgrimes,demetriusgrimes,demetriusgrimes@indiggomail.com
borisholcomb,borisholcomb,borisholcomb@indiggomail.com
merrittfaulkner,merrittfaulkner,merrittfaulkner@indiggomail.com
zanecase,zanecase,zanecase@indiggomail.com
macaulayhartman,macaulayhartman,macaulayhartman@indiggomail.com
alecharrington,alecharrington,alecharrington@indiggomail.com
lionelcarey,lionelcarey,lionelcarey@indiggomail.com
rajaengland,rajaengland,rajaengland@indiggomail.com
burkemayer,burkemayer,burkemayer@indiggomail.com
ashtonnguyen,ashtonnguyen,ashtonnguyen@indiggomail.com
keaneberry,keaneberry,keaneberry@indiggomail.com
louischarles,louischarles,louischarles@indiggomail.com
keatoncardenas,keatoncardenas,keatoncardenas@indiggomail.com
lancechaney,lancechaney,lancechaney@indiggomail.com
jackbailey,jackbailey,jackbailey@indiggomail.com
harlanchen,harlanchen,harlanchen@indiggomail.com
macaulaycampos,macaulaycampos,macaulaycampos@indiggomail.com
rooneywelch,rooneywelch,rooneywelch@indiggomail.com
ivorcamacho,ivorcamacho,ivorcamacho@indiggomail.com
chaneylang,chaneylang,chaneylang@indiggomail.com
alvinlindsay,alvinlindsay,alvinlindsay@indiggomail.com
micahswanson,micahswanson,micahswanson@indiggomail.com
lamarhamilton,lamarhamilton,lamarhamilton@indiggomail.com
sladecontreras,sladecontreras,sladecontreras@indiggomail.com
kasperoliver,kasperoliver,kasperoliver@indiggomail.com
augustwilkins,augustwilkins,augustwilkins@indiggomail.com
nathandillard,nathandillard,nathandillard@indiggomail.com
jonahabbott,jonahabbott,jonahabbott@indiggomail.com
caesarvincent,caesarvincent,caesarvincent@indiggomail.com
geoffreylarsen,geoffreylarsen,geoffreylarsen@indiggomail.com
patrickbrooks,patrickbrooks,patrickbrooks@indiggomail.com
keeganharper,keeganharper,keeganharper@indiggomail.com
denniswilcox,denniswilcox,denniswilcox@indiggomail.com
malachidale,malachidale,malachidale@indiggomail.com
samuelgriffith,samuelgriffith,samuelgriffith@indiggomail.com
zacherybentley,zacherybentley,zacherybentley@indiggomail.com
claytonbowen,claytonbowen,claytonbowen@indiggomail.com
curranvasquez,curranvasquez,curranvasquez@indiggomail.com
dennisberry,dennisberry,dennisberry@indiggomail.com
jakeemdunn,jakeemdunn,jakeemdunn@indiggomail.com
steelmartin,steelmartin,steelmartin@indiggomail.com
mosescooley,mosescooley,mosescooley@indiggomail.com
maxwellcantu,maxwellcantu,maxwellcantu@indiggomail.com
warrenwade,warrenwade,warrenwade@indiggomail.com
jonaswilliams,jonaswilliams,jonaswilliams@indiggomail.com
tarikdouglas,tarikdouglas,tarikdouglas@indiggomail.com
tobiasdominguez,tobiasdominguez,tobiasdominguez@indiggomail.com
ezrahammond,ezrahammond,ezrahammond@indiggomail.com
stevenlivingston,stevenlivingston,stevenlivingston@indiggomail.com
aladdinmeyers,aladdinmeyers,aladdinmeyers@indiggomail.com
urielterrell,urielterrell,urielterrell@indiggomail.com
caldwellferguson,caldwellferguson,caldwellferguson@indiggomail.com
elijahstewart,elijahstewart,elijahstewart@indiggomail.com
herrodhutchinson,herrodhutchinson,herrodhutchinson@indiggomail.com
jamesheath,jamesheath,jamesheath@indiggomail.com
quinnsherman,quinnsherman,quinnsherman@indiggomail.com
xavierbird,xavierbird,xavierbird@indiggomail.com
alexanderharper,alexanderharper,alexanderharper@indiggomail.com
normangreer,normangreer,normangreer@indiggomail.com
keithwise,keithwise,keithwise@indiggomail.com
augustjuarez,augustjuarez,augustjuarez@indiggomail.com
lucasramos,lucasramos,lucasramos@indiggomail.com
edwardmcgowan,edwardmcgowan,edwardmcgowan@indiggomail.com
armandsmall,armandsmall,armandsmall@indiggomail.com
emeryberg,emeryberg,emeryberg@indiggomail.com
nathanbryant,nathanbryant,nathanbryant@indiggomail.com
eaganruiz,eaganruiz,eaganruiz@indiggomail.com
finnheath,finnheath,finnheath@indiggomail.com
joelblanchard,joelblanchard,joelblanchard@indiggomail.com
drakeboone,drakeboone,drakeboone@indiggomail.com
rajagiles,rajagiles,rajagiles@indiggomail.com
zahirnixon,zahirnixon,zahirnixon@indiggomail.com
basilsteele,basilsteele,basilsteele@indiggomail.com
isaiahhumphrey,isaiahhumphrey,isaiahhumphrey@indiggomail.com
garethbradford,garethbradford,garethbradford@indiggomail.com
talonjordan,talonjordan,talonjordan@indiggomail.com
stevenclements,stevenclements,stevenclements@indiggomail.com
camdenkennedy,camdenkennedy,camdenkennedy@indiggomail.com
octaviusstone,octaviusstone,octaviusstone@indiggomail.com
grantclay,grantclay,grantclay@indiggomail.com
mufutaubarron,mufutaubarron,mufutaubarron@indiggomail.com
igorholman,igorholman,igorholman@indiggomail.com
danteblankenship,danteblankenship,danteblankenship@indiggomail.com
elijahstafford,elijahstafford,elijahstafford@indiggomail.com
uptongilliam,uptongilliam,uptongilliam@indiggomail.com
scottcameron,scottcameron,scottcameron@indiggomail.com
channingcollins,channingcollins,channingcollins@indiggomail.com
stevensweet,stevensweet,stevensweet@indiggomail.com
porterodonnell,porterodonnell,porterodonnell@indiggomail.com
ezekielpark,ezekielpark,ezekielpark@indiggomail.com
murphyhickman,murphyhickman,murphyhickman@indiggomail.com
irafarrell,irafarrell,irafarrell@indiggomail.com
fullerhenson,fullerhenson,fullerhenson@indiggomail.com
daquanschmidt,daquanschmidt,daquanschmidt@indiggomail.com
benedicthendricks,benedicthendricks,benedicthendricks@indiggomail.com
aristotlesilva,aristotlesilva,aristotlesilva@indiggomail.com
adamhenson,adamhenson,adamhenson@indiggomail.com
avramglass,avramglass,avramglass@indiggomail.com
shadmosley,shadmosley,shadmosley@indiggomail.com
cadmannguyen,cadmannguyen,cadmannguyen@indiggomail.com
hoytskinner,hoytskinner,hoytskinner@indiggomail.com
brettmercado,brettmercado,brettmercado@indiggomail.com
kasperpayne,kasperpayne,kasperpayne@indiggomail.com
lamarrandolph,lamarrandolph,lamarrandolph@indiggomail.com
lukecompton,lukecompton,lukecompton@indiggomail.com
declanpatton,declanpatton,declanpatton@indiggomail.com
bevisjuarez,bevisjuarez,bevisjuarez@indiggomail.com
aldenhess,aldenhess,aldenhess@indiggomail.com
uriahweber,uriahweber,uriahweber@indiggomail.com
odysseusmcclain,odysseusmcclain,odysseusmcclain@indiggomail.com
lanerandall,lanerandall,lanerandall@indiggomail.com
harlanhuber,harlanhuber,harlanhuber@indiggomail.com
abbotlott,abbotlott,abbotlott@indiggomail.com
josephdaugherty,josephdaugherty,josephdaugherty@indiggomail.com
noblewalsh,noblewalsh,noblewalsh@indiggomail.com
peternunez,peternunez,peternunez@indiggomail.com
hectorfarley,hectorfarley,hectorfarley@indiggomail.com
christophermoreno,christophermoreno,christophermoreno@indiggomail.com
mageebryan,mageebryan,mageebryan@indiggomail.com
keefevelasquez,keefevelasquez,keefevelasquez@indiggomail.com
sylvesterhardy,sylvesterhardy,sylvesterhardy@indiggomail.com
uriahschultz,uriahschultz,uriahschultz@indiggomail.com
nasimjordan,nasimjordan,nasimjordan@indiggomail.com
wylieherrera,wylieherrera,wylieherrera@indiggomail.com
xavierrose,xavierrose,xavierrose@indiggomail.com
elmotate,elmotate,elmotate@indiggomail.com
lioneljenkins,lioneljenkins,lioneljenkins@indiggomail.com
yardleywinters,yardleywinters,yardleywinters@indiggomail.com
graidenfischer,graidenfischer,graidenfischer@indiggomail.com
gabrielpayne,gabrielpayne,gabrielpayne@indiggomail.com
louisrhodes,louisrhodes,louisrhodes@indiggomail.com
rigelcote,rigelcote,rigelcote@indiggomail.com
jackcarr,jackcarr,jackcarr@indiggomail.com
ethantucker,ethantucker,ethantucker@indiggomail.com
theodoremejia,theodoremejia,theodoremejia@indiggomail.com
donovantaylor,donovantaylor,donovantaylor@indiggomail.com
reubenchristian,reubenchristian,reubenchristian@indiggomail.com
asherburke,asherburke,asherburke@indiggomail.com
yuliwolfe,yuliwolfe,yuliwolfe@indiggomail.com
bernardholcomb,bernardholcomb,bernardholcomb@indiggomail.com
guykeith,guykeith,guykeith@indiggomail.com
xavierboyer,xavierboyer,xavierboyer@indiggomail.com
theodorehopper,theodorehopper,theodorehopper@indiggomail.com
jacksimon,jacksimon,jacksimon@indiggomail.com
harrisonhester,harrisonhester,harrisonhester@indiggomail.com
callumross,callumross,callumross@indiggomail.com
malachiclarke,malachiclarke,malachiclarke@indiggomail.com
maconlawrence,maconlawrence,maconlawrence@indiggomail.com
lamartillman,lamartillman,lamartillman@indiggomail.com
curranraymond,curranraymond,curranraymond@indiggomail.com
bevissanford,bevissanford,bevissanford@indiggomail.com
aidanweber,aidanweber,aidanweber@indiggomail.com
macaulayferguson,macaulayferguson,macaulayferguson@indiggomail.com
vernonpittman,vernonpittman,vernonpittman@indiggomail.com
zaneweeks,zaneweeks,zaneweeks@indiggomail.com
brunoschneider,brunoschneider,brunoschneider@indiggomail.com
carlraymond,carlraymond,carlraymond@indiggomail.com
ciaranaustin,ciaranaustin,ciaranaustin@indiggomail.com
kennedyhester,kennedyhester,kennedyhester@indiggomail.com
seancooley,seancooley,seancooley@indiggomail.com
keeganreynolds,keeganreynolds,keeganreynolds@indiggomail.com
jaredharris,jaredharris,jaredharris@indiggomail.com
stewartstrong,stewartstrong,stewartstrong@indiggomail.com
malcolmkane,malcolmkane,malcolmkane@indiggomail.com
erichromero,erichromero,erichromero@indiggomail.com
joelblack,joelblack,joelblack@indiggomail.com
noblemcconnell,noblemcconnell,noblemcconnell@indiggomail.com
brennanbruce,brennanbruce,brennanbruce@indiggomail.com
tyroneheath,tyroneheath,tyroneheath@indiggomail.com
talonburgess,talonburgess,talonburgess@indiggomail.com
armanddotson,armanddotson,armanddotson@indiggomail.com
declanneal,declanneal,declanneal@indiggomail.com
ashermccormick,ashermccormick,ashermccormick@indiggomail.com
brendanramos,brendanramos,brendanramos@indiggomail.com
prescottcleveland,prescottcleveland,prescottcleveland@indiggomail.com
chadwicknoel,chadwicknoel,chadwicknoel@indiggomail.com
reesedouglas,reesedouglas,reesedouglas@indiggomail.com
garrettvincent,garrettvincent,garrettvincent@indiggomail.com
zacharywilson,zacharywilson,zacharywilson@indiggomail.com
danielsalazar,danielsalazar,danielsalazar@indiggomail.com
platocummings,platocummings,platocummings@indiggomail.com
walkercarson,walkercarson,walkercarson@indiggomail.com
akeemclemons,akeemclemons,akeemclemons@indiggomail.com
kennethtodd,kennethtodd,kennethtodd@indiggomail.com
colinbryan,colinbryan,colinbryan@indiggomail.com
jaredgay,jaredgay,jaredgay@indiggomail.com
burtonmullen,burtonmullen,burtonmullen@indiggomail.com
louisrutledge,louisrutledge,louisrutledge@indiggomail.com
ryderstewart,ryderstewart,ryderstewart@indiggomail.com
jonahpark,jonahpark,jonahpark@indiggomail.com
rothpittman,rothpittman,rothpittman@indiggomail.com
bevisgraham,bevisgraham,bevisgraham@indiggomail.com
xenosbarry,xenosbarry,xenosbarry@indiggomail.com
rafaelbridges,rafaelbridges,rafaelbridges@indiggomail.com
yuliphelps,yuliphelps,yuliphelps@indiggomail.com
brandonkerr,brandonkerr,brandonkerr@indiggomail.com
nigelleblanc,nigelleblanc,nigelleblanc@indiggomail.com
carlossolis,carlossolis,carlossolis@indiggomail.com
sebastiansimon,sebastiansimon,sebastiansimon@indiggomail.com
ryanoconnor,ryanoconnor,ryanoconnor@indiggomail.com
mufutauyork,mufutauyork,mufutauyork@indiggomail.com
rooneynewton,rooneynewton,rooneynewton@indiggomail.com
iracabrera,iracabrera,iracabrera@indiggomail.com
nehrumcknight,nehrumcknight,nehrumcknight@indiggomail.com
driscollhewitt,driscollhewitt,driscollhewitt@indiggomail.com
brandonpena,brandonpena,brandonpena@indiggomail.com
davidhoffman,davidhoffman,davidhoffman@indiggomail.com
orsondelaney,orsondelaney,orsondelaney@indiggomail.com
brandenreed,brandenreed,brandenreed@indiggomail.com
thaddeusyork,thaddeusyork,thaddeusyork@indiggomail.com
barrettnorman,barrettnorman,barrettnorman@indiggomail.com
cruzsanford,cruzsanford,cruzsanford@indiggomail.com
keeferowe,keeferowe,keeferowe@indiggomail.com
jerrymontoya,jerrymontoya,jerrymontoya@indiggomail.com
jeremydavis,jeremydavis,jeremydavis@indiggomail.com
coltaustin,coltaustin,coltaustin@indiggomail.com
keaneburnett,keaneburnett,keaneburnett@indiggomail.com
thomasskinner,thomasskinner,thomasskinner@indiggomail.com
coleschneider,coleschneider,coleschneider@indiggomail.com
graywolfe,graywolfe,graywolfe@indiggomail.com
chandlerleblanc,chandlerleblanc,chandlerleblanc@indiggomail.com
abelnewton,abelnewton,abelnewton@indiggomail.com
platocamacho,platocamacho,platocamacho@indiggomail.com
victorandrews,victorandrews,victorandrews@indiggomail.com
loganlucas,loganlucas,loganlucas@indiggomail.com
zephpetersen,zephpetersen,zephpetersen@indiggomail.com
gavincamacho,gavincamacho,gavincamacho@indiggomail.com
katocarson,katocarson,katocarson@indiggomail.com
fullerle,fullerle,fullerle@indiggomail.com
jeromecook,jeromecook,jeromecook@indiggomail.com
christianchan,christianchan,christianchan@indiggomail.com
aristotlepetersen,aristotlepetersen,aristotlepetersen@indiggomail.com
murphyestrada,murphyestrada,murphyestrada@indiggomail.com
haydenmonroe,haydenmonroe,haydenmonroe@indiggomail.com
vanceschultz,vanceschultz,vanceschultz@indiggomail.com
solomondotson,solomondotson,solomondotson@indiggomail.com
porterreid,porterreid,porterreid@indiggomail.com
garyarmstrong,garyarmstrong,garyarmstrong@indiggomail.com
justincastaneda,justincastaneda,justincastaneda@indiggomail.com
hyattmcknight,hyattmcknight,hyattmcknight@indiggomail.com
jamesdennis,jamesdennis,jamesdennis@indiggomail.com
keeganhayes,keeganhayes,keeganhayes@indiggomail.com
aaronmueller,aaronmueller,aaronmueller@indiggomail.com
ferdinandbates,ferdinandbates,ferdinandbates@indiggomail.com
rajahalford,rajahalford,rajahalford@indiggomail.com
hermanenglish,hermanenglish,hermanenglish@indiggomail.com
aldenmcdaniel,aldenmcdaniel,aldenmcdaniel@indiggomail.com
hamiltontrujillo,hamiltontrujillo,hamiltontrujillo@indiggomail.com
finnmullins,finnmullins,finnmullins@indiggomail.com
rajawarren,rajawarren,rajawarren@indiggomail.com
oscarpena,oscarpena,oscarpena@indiggomail.com
wallacefoster,wallacefoster,wallacefoster@indiggomail.com
byronyoung,byronyoung,byronyoung@indiggomail.com
theodoredelacruz,theodoredelacruz,theodoredelacruz@indiggomail.com
keeganbowman,keeganbowman,keeganbowman@indiggomail.com
vernonfrench,vernonfrench,vernonfrench@indiggomail.com
basilcotton,basilcotton,basilcotton@indiggomail.com
kyledickson,kyledickson,kyledickson@indiggomail.com
wyattneal,wyattneal,wyattneal@indiggomail.com
galvinwade,galvinwade,galvinwade@indiggomail.com
lancerocha,lancerocha,lancerocha@indiggomail.com
byronferguson,byronferguson,byronferguson@indiggomail.com
talonbean,talonbean,talonbean@indiggomail.com
drakepope,drakepope,drakepope@indiggomail.com
curranharding,curranharding,curranharding@indiggomail.com
daledowns,daledowns,daledowns@indiggomail.com
vaughanreynolds,vaughanreynolds,vaughanreynolds@indiggomail.com
dietermcbride,dietermcbride,dietermcbride@indiggomail.com
tannermassey,tannermassey,tannermassey@indiggomail.com
moseshumphrey,moseshumphrey,moseshumphrey@indiggomail.com
normansears,normansears,normansears@indiggomail.com
waynedawson,waynedawson,waynedawson@indiggomail.com
lucianlynn,lucianlynn,lucianlynn@indiggomail.com
tatemoon,tatemoon,tatemoon@indiggomail.com
augustbuckner,augustbuckner,augustbuckner@indiggomail.com
tateclemons,tateclemons,tateclemons@indiggomail.com
basilreeves,basilreeves,basilreeves@indiggomail.com
ignatiusholloway,ignatiusholloway,ignatiusholloway@indiggomail.com
lawrencepeters,lawrencepeters,lawrencepeters@indiggomail.com
connorconway,connorconway,connorconway@indiggomail.com
ezralevy,ezralevy,ezralevy@indiggomail.com
perryrobertson,perryrobertson,perryrobertson@indiggomail.com
rajacobb,rajacobb,rajacobb@indiggomail.com
callumgarrison,callumgarrison,callumgarrison@indiggomail.com
sylvesterodom,sylvesterodom,sylvesterodom@indiggomail.com
kennansantiago,kennansantiago,kennansantiago@indiggomail.com
solomonhester,solomonhester,solomonhester@indiggomail.com
tanekfulton,tanekfulton,tanekfulton@indiggomail.com
thanemclean,thanemclean,thanemclean@indiggomail.com
philippotts,philippotts,philippotts@indiggomail.com
erasmusgates,erasmusgates,erasmusgates@indiggomail.com
alanmeyer,alanmeyer,alanmeyer@indiggomail.com
caldwellbuck,caldwellbuck,caldwellbuck@indiggomail.com
prescottshelton,prescottshelton,prescottshelton@indiggomail.com
cadeklein,cadeklein,cadeklein@indiggomail.com
derekbuchanan,derekbuchanan,derekbuchanan@indiggomail.com
henrysosa,henrysosa,henrysosa@indiggomail.com
hopbernard,hopbernard,hopbernard@indiggomail.com
normanmiranda,normanmiranda,normanmiranda@indiggomail.com
nathanbenson,nathanbenson,nathanbenson@indiggomail.com
porterbell,porterbell,porterbell@indiggomail.com
drewmartin,drewmartin,drewmartin@indiggomail.com
zahirbradley,zahirbradley,zahirbradley@indiggomail.com
derekweeks,derekweeks,derekweeks@indiggomail.com
merrillbentley,merrillbentley,merrillbentley@indiggomail.com
erasmuswhitley,erasmuswhitley,erasmuswhitley@indiggomail.com
garrisonwalker,garrisonwalker,garrisonwalker@indiggomail.com
castorbennett,castorbennett,castorbennett@indiggomail.com
ottolott,ottolott,ottolott@indiggomail.com
aladdinherman,aladdinherman,aladdinherman@indiggomail.com
hakeemfuller,hakeemfuller,hakeemfuller@indiggomail.com
stonefranklin,stonefranklin,stonefranklin@indiggomail.com
jonahwitt,jonahwitt,jonahwitt@indiggomail.com
hallclemons,hallclemons,hallclemons@indiggomail.com
jaredsharp,jaredsharp,jaredsharp@indiggomail.com
rafaeltalley,rafaeltalley,rafaeltalley@indiggomail.com
josephshaw,josephshaw,josephshaw@indiggomail.com
odysseusforbes,odysseusforbes,odysseusforbes@indiggomail.com
raphaelhansen,raphaelhansen,raphaelhansen@indiggomail.com
garethlewis,garethlewis,garethlewis@indiggomail.com
chandlerchaney,chandlerchaney,chandlerchaney@indiggomail.com
malcolmjacobs,malcolmjacobs,malcolmjacobs@indiggomail.com
richardsilva,richardsilva,richardsilva@indiggomail.com
sladeschmidt,sladeschmidt,sladeschmidt@indiggomail.com
clintonmeyer,clintonmeyer,clintonmeyer@indiggomail.com
xenoskeller,xenoskeller,xenoskeller@indiggomail.com
wyattmays,wyattmays,wyattmays@indiggomail.com
jeromecotton,jeromecotton,jeromecotton@indiggomail.com
ulyssesnixon,ulyssesnixon,ulyssesnixon@indiggomail.com
anthonybray,anthonybray,anthonybray@indiggomail.com
carlle,carlle,carlle@indiggomail.com
joeloneal,joeloneal,joeloneal@indiggomail.com
josephpatterson,josephpatterson,josephpatterson@indiggomail.com
christianduncan,christianduncan,christianduncan@indiggomail.com
nathanbryant,nathanbryant,nathanbryant@indiggomail.com
stuartryan,stuartryan,stuartryan@indiggomail.com
tadcantrell,tadcantrell,tadcantrell@indiggomail.com
brandenstephens,brandenstephens,brandenstephens@indiggomail.com
kibohorn,kibohorn,kibohorn@indiggomail.com
ivorbryant,ivorbryant,ivorbryant@indiggomail.com
elmomonroe,elmomonroe,elmomonroe@indiggomail.com
leowong,leowong,leowong@indiggomail.com
zacharychase,zacharychase,zacharychase@indiggomail.com
maxwellgates,maxwellgates,maxwellgates@indiggomail.com
mufutaucontreras,mufutaucontreras,mufutaucontreras@indiggomail.com
neilfloyd,neilfloyd,neilfloyd@indiggomail.com
thorsingleton,thorsingleton,thorsingleton@indiggomail.com
akeemhamilton,akeemhamilton,akeemhamilton@indiggomail.com
beckriddle,beckriddle,beckriddle@indiggomail.com
cadmanbell,cadmanbell,cadmanbell@indiggomail.com
levray,levray,levray@indiggomail.com
kenyonwong,kenyonwong,kenyonwong@indiggomail.com
maconsingleton,maconsingleton,maconsingleton@indiggomail.com
brucepatel,brucepatel,brucepatel@indiggomail.com
jonasspencer,jonasspencer,jonasspencer@indiggomail.com
jasonglenn,jasonglenn,jasonglenn@indiggomail.com
cruzjames,cruzjames,cruzjames@indiggomail.com
honoratofulton,honoratofulton,honoratofulton@indiggomail.com
nicholasmccarthy,nicholasmccarthy,nicholasmccarthy@indiggomail.com
tatewilkins,tatewilkins,tatewilkins@indiggomail.com
seanperry,seanperry,seanperry@indiggomail.com
levperez,levperez,levperez@indiggomail.com
alfonsolangley,alfonsolangley,alfonsolangley@indiggomail.com
lucasanthony,lucasanthony,lucasanthony@indiggomail.com
nashlong,nashlong,nashlong@indiggomail.com
deangriffin,deangriffin,deangriffin@indiggomail.com
masonballard,masonballard,masonballard@indiggomail.com
ashermay,ashermay,ashermay@indiggomail.com
hilelrhodes,hilelrhodes,hilelrhodes@indiggomail.com
gilmaynard,gilmaynard,gilmaynard@indiggomail.com
declanjennings,declanjennings,declanjennings@indiggomail.com
marshallrodriquez,marshallrodriquez,marshallrodriquez@indiggomail.com
ryanflores,ryanflores,ryanflores@indiggomail.com
ryanratliff,ryanratliff,ryanratliff@indiggomail.com
wingcraft,wingcraft,wingcraft@indiggomail.com
ronanstrickland,ronanstrickland,ronanstrickland@indiggomail.com
holmesmarsh,holmesmarsh,holmesmarsh@indiggomail.com
malcolmsparks,malcolmsparks,malcolmsparks@indiggomail.com
keanestevens,keanestevens,keanestevens@indiggomail.com
hashimlowe,hashimlowe,hashimlowe@indiggomail.com
wingmcgowan,wingmcgowan,wingmcgowan@indiggomail.com
alanhull,alanhull,alanhull@indiggomail.com
timothymercer,timothymercer,timothymercer@indiggomail.com
wanghardin,wanghardin,wanghardin@indiggomail.com
odysseusberger,odysseusberger,odysseusberger@indiggomail.com
waynesparks,waynesparks,waynesparks@indiggomail.com
oscarshort,oscarshort,oscarshort@indiggomail.com
nolanmcfarland,nolanmcfarland,nolanmcfarland@indiggomail.com
thanemartinez,thanemartinez,thanemartinez@indiggomail.com
xandersnow,xandersnow,xandersnow@indiggomail.com
ishmaellove,ishmaellove,ishmaellove@indiggomail.com
stephenhumphrey,stephenhumphrey,stephenhumphrey@indiggomail.com
hayescompton,hayescompton,hayescompton@indiggomail.com
berthutchinson,berthutchinson,berthutchinson@indiggomail.com
avramwhitehead,avramwhitehead,avramwhitehead@indiggomail.com
zanebolton,zanebolton,zanebolton@indiggomail.com
erichfulton,erichfulton,erichfulton@indiggomail.com
howardglass,howardglass,howardglass@indiggomail.com
allenschwartz,allenschwartz,allenschwartz@indiggomail.com
howardreed,howardreed,howardreed@indiggomail.com
raymondfarley,raymondfarley,raymondfarley@indiggomail.com
danielrivas,danielrivas,danielrivas@indiggomail.com
seanmcconnell,seanmcconnell,seanmcconnell@indiggomail.com
sebastianhenry,sebastianhenry,sebastianhenry@indiggomail.com
ardendillon,ardendillon,ardendillon@indiggomail.com
noblepage,noblepage,noblepage@indiggomail.com
blakereed,blakereed,blakereed@indiggomail.com
cairofletcher,cairofletcher,cairofletcher@indiggomail.com
aquilahunt,aquilahunt,aquilahunt@indiggomail.com
rahimcross,rahimcross,rahimcross@indiggomail.com
ivanmonroe,ivanmonroe,ivanmonroe@indiggomail.com
micahwhitney,micahwhitney,micahwhitney@indiggomail.com
ashtonferrell,ashtonferrell,ashtonferrell@indiggomail.com
oliverdickerson,oliverdickerson,oliverdickerson@indiggomail.com
rahimhenry,rahimhenry,rahimhenry@indiggomail.com
carlosblack,carlosblack,carlosblack@indiggomail.com
kenyonfinley,kenyonfinley,kenyonfinley@indiggomail.com
bradybarrett,bradybarrett,bradybarrett@indiggomail.com
kasimirberg,kasimirberg,kasimirberg@indiggomail.com
gabrielbarrera,gabrielbarrera,gabrielbarrera@indiggomail.com
damianbaird,damianbaird,damianbaird@indiggomail.com
nasharmstrong,nasharmstrong,nasharmstrong@indiggomail.com
eaganbeach,eaganbeach,eaganbeach@indiggomail.com
abdulbonner,abdulbonner,abdulbonner@indiggomail.com
portercantu,portercantu,portercantu@indiggomail.com
edandeleon,edandeleon,edandeleon@indiggomail.com
keefehancock,keefehancock,keefehancock@indiggomail.com
silaspeters,silaspeters,silaspeters@indiggomail.com
kasimirmoreno,kasimirmoreno,kasimirmoreno@indiggomail.com
ashtoncobb,ashtoncobb,ashtoncobb@indiggomail.com
bradyboyle,bradyboyle,bradyboyle@indiggomail.com
anthonycase,anthonycase,anthonycase@indiggomail.com
ezragordon,ezragordon,ezragordon@indiggomail.com
normanvasquez,normanvasquez,normanvasquez@indiggomail.com
kanemills,kanemills,kanemills@indiggomail.com
arseniogarrett,arseniogarrett,arseniogarrett@indiggomail.com
dominicmcmillan,dominicmcmillan,dominicmcmillan@indiggomail.com
buckminstermcmillan,buckminstermcmillan,buckminstermcmillan@indiggomail.com
hardingbarlow,hardingbarlow,hardingbarlow@indiggomail.com
hayeskelley,hayeskelley,hayeskelley@indiggomail.com
xenosalston,xenosalston,xenosalston@indiggomail.com
bertware,bertware,bertware@indiggomail.com
eltonedwards,eltonedwards,eltonedwards@indiggomail.com
bevislandry,bevislandry,bevislandry@indiggomail.com
josephbryant,josephbryant,josephbryant@indiggomail.com
alanlucas,alanlucas,alanlucas@indiggomail.com
holmesmullins,holmesmullins,holmesmullins@indiggomail.com
charleswhitley,charleswhitley,charleswhitley@indiggomail.com
christophermalone,christophermalone,christophermalone@indiggomail.com
dentonhatfield,dentonhatfield,dentonhatfield@indiggomail.com
tyronebuck,tyronebuck,tyronebuck@indiggomail.com
leonardbartlett,leonardbartlett,leonardbartlett@indiggomail.com
sylvesterdavid,sylvesterdavid,sylvesterdavid@indiggomail.com
danejacobson,danejacobson,danejacobson@indiggomail.com
hoytvelasquez,hoytvelasquez,hoytvelasquez@indiggomail.com
phelangay,phelangay,phelangay@indiggomail.com
reubencoleman,reubencoleman,reubencoleman@indiggomail.com
andrewhopper,andrewhopper,andrewhopper@indiggomail.com
lylevargas,lylevargas,lylevargas@indiggomail.com
carterdelgado,carterdelgado,carterdelgado@indiggomail.com
jinpollard,jinpollard,jinpollard@indiggomail.com
deaconmarshall,deaconmarshall,deaconmarshall@indiggomail.com
avramsosa,avramsosa,avramsosa@indiggomail.com
dieterrodriguez,dieterrodriguez,dieterrodriguez@indiggomail.com
damonnorman,damonnorman,damonnorman@indiggomail.com
stevenmartin,stevenmartin,stevenmartin@indiggomail.com
maxwellraymond,maxwellraymond,maxwellraymond@indiggomail.com
kanegilbert,kanegilbert,kanegilbert@indiggomail.com
zahirball,zahirball,zahirball@indiggomail.com
marsdendaniel,marsdendaniel,marsdendaniel@indiggomail.com
amallester,amallester,amallester@indiggomail.com
byronrosa,byronrosa,byronrosa@indiggomail.com
chancellorgilmore,chancellorgilmore,chancellorgilmore@indiggomail.com
beaucurtis,beaucurtis,beaucurtis@indiggomail.com
brettmcdonald,brettmcdonald,brettmcdonald@indiggomail.com
forrestschwartz,forrestschwartz,forrestschwartz@indiggomail.com
dantepaul,dantepaul,dantepaul@indiggomail.com
merrillboyle,merrillboyle,merrillboyle@indiggomail.com
scottchandler,scottchandler,scottchandler@indiggomail.com
alvinburns,alvinburns,alvinburns@indiggomail.com
lamargross,lamargross,lamargross@indiggomail.com
jacksonjennings,jacksonjennings,jacksonjennings@indiggomail.com
caesarhartman,caesarhartman,caesarhartman@indiggomail.com
aladdinmccall,aladdinmccall,aladdinmccall@indiggomail.com
waynemcfadden,waynemcfadden,waynemcfadden@indiggomail.com
platokline,platokline,platokline@indiggomail.com
mohammadtrujillo,mohammadtrujillo,mohammadtrujillo@indiggomail.com
nevilleweiss,nevilleweiss,nevilleweiss@indiggomail.com
maconcox,maconcox,maconcox@indiggomail.com
lewisrivera,lewisrivera,lewisrivera@indiggomail.com
avrampaul,avrampaul,avrampaul@indiggomail.com
kuamewest,kuamewest,kuamewest@indiggomail.com
cadepitts,cadepitts,cadepitts@indiggomail.com
ryderwatts,ryderwatts,ryderwatts@indiggomail.com
ericcervantes,ericcervantes,ericcervantes@indiggomail.com
matthewwilliams,matthewwilliams,matthewwilliams@indiggomail.com
chaneypruitt,chaneypruitt,chaneypruitt@indiggomail.com
joeldixon,joeldixon,joeldixon@indiggomail.com
louisblankenship,louisblankenship,louisblankenship@indiggomail.com
burkegillespie,burkegillespie,burkegillespie@indiggomail.com
leobrennan,leobrennan,leobrennan@indiggomail.com
macaulayrandolph,macaulayrandolph,macaulayrandolph@indiggomail.com
dantecastaneda,dantecastaneda,dantecastaneda@indiggomail.com
theodoreharmon,theodoreharmon,theodoreharmon@indiggomail.com
aaronphelps,aaronphelps,aaronphelps@indiggomail.com
murphymoran,murphymoran,murphymoran@indiggomail.com
geoffreymassey,geoffreymassey,geoffreymassey@indiggomail.com
noahhansen,noahhansen,noahhansen@indiggomail.com
ivannichols,ivannichols,ivannichols@indiggomail.com
ezramccoy,ezramccoy,ezramccoy@indiggomail.com
aladdinparks,aladdinparks,aladdinparks@indiggomail.com
malachiflores,malachiflores,malachiflores@indiggomail.com
isaacbullock,isaacbullock,isaacbullock@indiggomail.com
matthewguerra,matthewguerra,matthewguerra@indiggomail.com
kadeemmunoz,kadeemmunoz,kadeemmunoz@indiggomail.com
clarkavila,clarkavila,clarkavila@indiggomail.com
harlanluna,harlanluna,harlanluna@indiggomail.com
emmanuelhewitt,emmanuelhewitt,emmanuelhewitt@indiggomail.com
clarkesuarez,clarkesuarez,clarkesuarez@indiggomail.com
aldennavarro,aldennavarro,aldennavarro@indiggomail.com
burtonscott,burtonscott,burtonscott@indiggomail.com
williambass,williambass,williambass@indiggomail.com
jonasnolan,jonasnolan,jonasnolan@indiggomail.com
travissavage,travissavage,travissavage@indiggomail.com
davisallison,davisallison,davisallison@indiggomail.com
brandenhodges,brandenhodges,brandenhodges@indiggomail.com
abelpoole,abelpoole,abelpoole@indiggomail.com
kaneburris,kaneburris,kaneburris@indiggomail.com
isaacmcmillan,isaacmcmillan,isaacmcmillan@indiggomail.com
melvinherring,melvinherring,melvinherring@indiggomail.com
hermancurry,hermancurry,hermancurry@indiggomail.com
armandbennett,armandbennett,armandbennett@indiggomail.com
stuartfoley,stuartfoley,stuartfoley@indiggomail.com
tobiasbrennan,tobiasbrennan,tobiasbrennan@indiggomail.com
vancewilkinson,vancewilkinson,vancewilkinson@indiggomail.com
levsherman,levsherman,levsherman@indiggomail.com
davismoon,davismoon,davismoon@indiggomail.com
ferdinandmorales,ferdinandmorales,ferdinandmorales@indiggomail.com
uptonwall,uptonwall,uptonwall@indiggomail.com
uptonholden,uptonholden,uptonholden@indiggomail.com
hilelrusso,hilelrusso,hilelrusso@indiggomail.com
chandleryates,chandleryates,chandleryates@indiggomail.com
jonasbaird,jonasbaird,jonasbaird@indiggomail.com
jelaninoble,jelaninoble,jelaninoble@indiggomail.com
hardingdavidson,hardingdavidson,hardingdavidson@indiggomail.com
alecholloway,alecholloway,alecholloway@indiggomail.com
garrisonhanson,garrisonhanson,garrisonhanson@indiggomail.com
austingibbs,austingibbs,austingibbs@indiggomail.com
gannonorr,gannonorr,gannonorr@indiggomail.com
laneholloway,laneholloway,laneholloway@indiggomail.com
jonasosborne,jonasosborne,jonasosborne@indiggomail.com
griffinhebert,griffinhebert,griffinhebert@indiggomail.com
thomaswalters,thomaswalters,thomaswalters@indiggomail.com
nolanmolina,nolanmolina,nolanmolina@indiggomail.com
dolanmcmahon,dolanmcmahon,dolanmcmahon@indiggomail.com
keanenoel,keanenoel,keanenoel@indiggomail.com
perrygriffin,perrygriffin,perrygriffin@indiggomail.com
lewisavila,lewisavila,lewisavila@indiggomail.com
barryriley,barryriley,barryriley@indiggomail.com
gilhudson,gilhudson,gilhudson@indiggomail.com
elviscombs,elviscombs,elviscombs@indiggomail.com
troyburns,troyburns,troyburns@indiggomail.com
cooperhardy,cooperhardy,cooperhardy@indiggomail.com
brendenroberson,brendenroberson,brendenroberson@indiggomail.com
augustjoseph,augustjoseph,augustjoseph@indiggomail.com
rudyardburton,rudyardburton,rudyardburton@indiggomail.com
normanowens,normanowens,normanowens@indiggomail.com
lancekane,lancekane,lancekane@indiggomail.com
ulyssesmoses,ulyssesmoses,ulyssesmoses@indiggomail.com
gavinarnold,gavinarnold,gavinarnold@indiggomail.com
marvinramos,marvinramos,marvinramos@indiggomail.com
rajahebert,rajahebert,rajahebert@indiggomail.com
chaimgray,chaimgray,chaimgray@indiggomail.com
walterglenn,walterglenn,walterglenn@indiggomail.com
barrettmarshall,barrettmarshall,barrettmarshall@indiggomail.com
camdenbecker,camdenbecker,camdenbecker@indiggomail.com
tadcastillo,tadcastillo,tadcastillo@indiggomail.com
byronkirk,byronkirk,byronkirk@indiggomail.com
hamishwagner,hamishwagner,hamishwagner@indiggomail.com
christopherdaniels,christopherdaniels,christopherdaniels@indiggomail.com
adrianleblanc,adrianleblanc,adrianleblanc@indiggomail.com
dextergrant,dextergrant,dextergrant@indiggomail.com
melvinellison,melvinellison,melvinellison@indiggomail.com
justinhorton,justinhorton,justinhorton@indiggomail.com
aldenoneal,aldenoneal,aldenoneal@indiggomail.com
eaganfrederick,eaganfrederick,eaganfrederick@indiggomail.com
victorcline,victorcline,victorcline@indiggomail.com
chadwickmalone,chadwickmalone,chadwickmalone@indiggomail.com
benjaminpotts,benjaminpotts,benjaminpotts@indiggomail.com
coleenglish,coleenglish,coleenglish@indiggomail.com
sebastiancooper,sebastiancooper,sebastiancooper@indiggomail.com
salvadorgraves,salvadorgraves,salvadorgraves@indiggomail.com
steelkennedy,steelkennedy,steelkennedy@indiggomail.com
berthobbs,berthobbs,berthobbs@indiggomail.com
williamobrien,williamobrien,williamobrien@indiggomail.com
drakekeith,drakekeith,drakekeith@indiggomail.com
carsonserrano,carsonserrano,carsonserrano@indiggomail.com
hectormosley,hectormosley,hectormosley@indiggomail.com
leviryan,leviryan,leviryan@indiggomail.com
zephaniahubbard,zephaniahubbard,zephaniahubbard@indiggomail.com
basilgilliam,basilgilliam,basilgilliam@indiggomail.com
quentinwest,quentinwest,quentinwest@indiggomail.com
conanterry,conanterry,conanterry@indiggomail.com
conanmaddox,conanmaddox,conanmaddox@indiggomail.com
arthurmiles,arthurmiles,arthurmiles@indiggomail.com
devinsloan,devinsloan,devinsloan@indiggomail.com
christopherclements,christopherclements,christopherclements@indiggomail.com
quamarkirk,quamarkirk,quamarkirk@indiggomail.com
zahirblackwell,zahirblackwell,zahirblackwell@indiggomail.com
stewartwolfe,stewartwolfe,stewartwolfe@indiggomail.com
oliverfarley,oliverfarley,oliverfarley@indiggomail.com
coltbarton,coltbarton,coltbarton@indiggomail.com
theodoretran,theodoretran,theodoretran@indiggomail.com
brentriggs,brentriggs,brentriggs@indiggomail.com
dorianfaulkner,dorianfaulkner,dorianfaulkner@indiggomail.com
jordanparker,jordanparker,jordanparker@indiggomail.com
ottocarey,ottocarey,ottocarey@indiggomail.com
jakeemrandall,jakeemrandall,jakeemrandall@indiggomail.com
jackaguirre,jackaguirre,jackaguirre@indiggomail.com
adamgentry,adamgentry,adamgentry@indiggomail.com
clarkmorales,clarkmorales,clarkmorales@indiggomail.com
jamesonbuckley,jamesonbuckley,jamesonbuckley@indiggomail.com
yardleyhays,yardleyhays,yardleyhays@indiggomail.com
hasadpage,hasadpage,hasadpage@indiggomail.com
allenroman,allenroman,allenroman@indiggomail.com
beckreilly,beckreilly,beckreilly@indiggomail.com
berkbailey,berkbailey,berkbailey@indiggomail.com
jamesondunlap,jamesondunlap,jamesondunlap@indiggomail.com
perrymathews,perrymathews,perrymathews@indiggomail.com
levpaul,levpaul,levpaul@indiggomail.com
ivanpierce,ivanpierce,ivanpierce@indiggomail.com
julianfitzgerald,julianfitzgerald,julianfitzgerald@indiggomail.com
timothyrich,timothyrich,timothyrich@indiggomail.com
kaseemshort,kaseemshort,kaseemshort@indiggomail.com
tatenorman,tatenorman,tatenorman@indiggomail.com
barrettking,barrettking,barrettking@indiggomail.com
taneklawson,taneklawson,taneklawson@indiggomail.com
akeemwallace,akeemwallace,akeemwallace@indiggomail.com
kaseembarton,kaseembarton,kaseembarton@indiggomail.com
brockabbott,brockabbott,brockabbott@indiggomail.com
timothygrimes,timothygrimes,timothygrimes@indiggomail.com
richardramsey,richardramsey,richardramsey@indiggomail.com
perryburch,perryburch,perryburch@indiggomail.com
orsonwood,orsonwood,orsonwood@indiggomail.com
haydenlowe,haydenlowe,haydenlowe@indiggomail.com
brentsexton,brentsexton,brentsexton@indiggomail.com
joshuagentry,joshuagentry,joshuagentry@indiggomail.com
erichbentley,erichbentley,erichbentley@indiggomail.com
brettbridges,brettbridges,brettbridges@indiggomail.com
christianrandall,christianrandall,christianrandall@indiggomail.com
judahwarner,judahwarner,judahwarner@indiggomail.com
kareematkinson,kareematkinson,kareematkinson@indiggomail.com
benedictsampson,benedictsampson,benedictsampson@indiggomail.com
ivanmontoya,ivanmontoya,ivanmontoya@indiggomail.com
jakeemoconnor,jakeemoconnor,jakeemoconnor@indiggomail.com
gregorysalazar,gregorysalazar,gregorysalazar@indiggomail.com
samuelfrederick,samuelfrederick,samuelfrederick@indiggomail.com
grahamodom,grahamodom,grahamodom@indiggomail.com
nevillecook,nevillecook,nevillecook@indiggomail.com
elijahsnider,elijahsnider,elijahsnider@indiggomail.com
carsondowns,carsondowns,carsondowns@indiggomail.com
toddgibson,toddgibson,toddgibson@indiggomail.com
jaredwilkins,jaredwilkins,jaredwilkins@indiggomail.com
gilsargent,gilsargent,gilsargent@indiggomail.com
dylanrich,dylanrich,dylanrich@indiggomail.com
omarfarrell,omarfarrell,omarfarrell@indiggomail.com
silascarey,silascarey,silascarey@indiggomail.com
julianholt,julianholt,julianholt@indiggomail.com
cairogriffith,cairogriffith,cairogriffith@indiggomail.com
eltonalston,eltonalston,eltonalston@indiggomail.com
wadehaynes,wadehaynes,wadehaynes@indiggomail.com
garrisonbenson,garrisonbenson,garrisonbenson@indiggomail.com
xenoshayes,xenoshayes,xenoshayes@indiggomail.com
mohammadshort,mohammadshort,mohammadshort@indiggomail.com
brockwalters,brockwalters,brockwalters@indiggomail.com
prescottbonner,prescottbonner,prescottbonner@indiggomail.com
hamishsantana,hamishsantana,hamishsantana@indiggomail.com
emmanuelcohen,emmanuelcohen,emmanuelcohen@indiggomail.com
omarkent,omarkent,omarkent@indiggomail.com
scottchase,scottchase,scottchase@indiggomail.com
johnelliott,johnelliott,johnelliott@indiggomail.com
driscollking,driscollking,driscollking@indiggomail.com
erickline,erickline,erickline@indiggomail.com
calebsanchez,calebsanchez,calebsanchez@indiggomail.com
walterwalters,walterwalters,walterwalters@indiggomail.com
kylestanton,kylestanton,kylestanton@indiggomail.com
kennethvaughn,kennethvaughn,kennethvaughn@indiggomail.com
huntercarver,huntercarver,huntercarver@indiggomail.com
